county,date,series_id,accuracy,recession_lead_time,committee_lead_time,last_sahm_value,current_unemployment_rate
Autauga County,1990-01-01T00:00:00.000Z,ALAUTA1URN,undefined,undefined,undefined,NaN,6.5
Autauga County,1990-02-01T00:00:00.000Z,ALAUTA1URN,undefined,undefined,undefined,NaN,6.4
Autauga County,1990-03-01T00:00:00.000Z,ALAUTA1URN,undefined,undefined,undefined,NaN,5.6
Autauga County,1990-04-01T00:00:00.000Z,ALAUTA1URN,undefined,undefined,undefined,NaN,6.6
Autauga County,1990-05-01T00:00:00.000Z,ALAUTA1URN,undefined,undefined,undefined,NaN,6.1
Autauga County,1990-06-01T00:00:00.000Z,ALAUTA1URN,undefined,undefined,undefined,NaN,7.2
Autauga County,1990-07-01T00:00:00.000Z,ALAUTA1URN,undefined,undefined,undefined,NaN,6
Autauga County,1990-08-01T00:00:00.000Z,ALAUTA1URN,undefined,undefined,undefined,NaN,6.8
Autauga County,1990-09-01T00:00:00.000Z,ALAUTA1URN,undefined,undefined,undefined,NaN,7.3
Autauga County,1990-10-01T00:00:00.000Z,ALAUTA1URN,undefined,undefined,undefined,NaN,7.3
Autauga County,1990-11-01T00:00:00.000Z,ALAUTA1URN,undefined,undefined,undefined,NaN,6.3
Autauga County,1990-12-01T00:00:00.000Z,ALAUTA1URN,undefined,undefined,undefined,NaN,6.3
Autauga County,1991-01-01T00:00:00.000Z,ALAUTA1URN,undefined,undefined,undefined,NaN,6.5
Autauga County,1991-02-01T00:00:00.000Z,ALAUTA1URN,undefined,undefined,undefined,NaN,7.3
Autauga County,1991-03-01T00:00:00.000Z,ALAUTA1URN,undefined,undefined,undefined,0.8000000000000007,6.9
Autauga County,1991-04-01T00:00:00.000Z,ALAUTA1URN,undefined,undefined,undefined,0.8000000000000007,6.5
Autauga County,1991-05-01T00:00:00.000Z,ALAUTA1URN,undefined,undefined,undefined,0.5000000000000009,6.4
Autauga County,1991-06-01T00:00:00.000Z,ALAUTA1URN,undefined,undefined,undefined,0.4666666666666668,7.6
Autauga County,1991-07-01T00:00:00.000Z,ALAUTA1URN,undefined,undefined,undefined,0.4999999999999991,6.6
Autauga County,1991-08-01T00:00:00.000Z,ALAUTA1URN,undefined,undefined,undefined,0.7666666666666657,7.2
Autauga County,1991-09-01T00:00:00.000Z,ALAUTA1URN,undefined,undefined,undefined,0.5333333333333332,6.9
Autauga County,1991-10-01T00:00:00.000Z,ALAUTA1URN,undefined,undefined,undefined,0.4333333333333327,6.3
Autauga County,1991-11-01T00:00:00.000Z,ALAUTA1URN,undefined,undefined,undefined,0.06666666666666643,6.1
Autauga County,1991-12-01T00:00:00.000Z,ALAUTA1URN,undefined,undefined,undefined,0,6.1
Autauga County,1992-01-01T00:00:00.000Z,ALAUTA1URN,undefined,undefined,undefined,0.16666666666666696,6.8
Autauga County,1992-02-01T00:00:00.000Z,ALAUTA1URN,undefined,undefined,undefined,0.39999999999999947,6.8
Autauga County,1992-03-01T00:00:00.000Z,ALAUTA1URN,undefined,undefined,undefined,0.4666666666666659,6.3
Autauga County,1992-04-01T00:00:00.000Z,ALAUTA1URN,undefined,undefined,undefined,0.06666666666666643,5.6
Autauga County,1992-05-01T00:00:00.000Z,ALAUTA1URN,undefined,undefined,undefined,0,5.9
Autauga County,1992-06-01T00:00:00.000Z,ALAUTA1URN,undefined,undefined,undefined,0.2666666666666657,7.1
Autauga County,1992-07-01T00:00:00.000Z,ALAUTA1URN,undefined,undefined,undefined,0.5666666666666655,6.5
Autauga County,1992-08-01T00:00:00.000Z,ALAUTA1URN,undefined,undefined,undefined,0.8666666666666654,6.8
Autauga County,1992-09-01T00:00:00.000Z,ALAUTA1URN,undefined,undefined,undefined,0.7333333333333325,6.7
Autauga County,1992-10-01T00:00:00.000Z,ALAUTA1URN,undefined,undefined,undefined,0.7333333333333325,6.5
Autauga County,1992-11-01T00:00:00.000Z,ALAUTA1URN,undefined,undefined,undefined,0.7333333333333325,6.8
Autauga County,1992-12-01T00:00:00.000Z,ALAUTA1URN,undefined,undefined,undefined,0.5333333333333314,6.1
Autauga County,1993-01-01T00:00:00.000Z,ALAUTA1URN,undefined,undefined,undefined,0.466666666666665,6.3
Autauga County,1993-02-01T00:00:00.000Z,ALAUTA1URN,undefined,undefined,undefined,0.33333333333333126,6.4
Autauga County,1993-03-01T00:00:00.000Z,ALAUTA1URN,undefined,undefined,undefined,0.36666666666666536,6.2
Autauga County,1993-04-01T00:00:00.000Z,ALAUTA1URN,undefined,undefined,undefined,0.33333333333333126,6.2
Autauga County,1993-05-01T00:00:00.000Z,ALAUTA1URN,undefined,undefined,undefined,0.33333333333333126,6.4
Autauga County,1993-06-01T00:00:00.000Z,ALAUTA1URN,undefined,undefined,undefined,0.2999999999999998,6.9
Autauga County,1993-07-01T00:00:00.000Z,ALAUTA1URN,undefined,undefined,undefined,0.16666666666666785,6
Autauga County,1993-08-01T00:00:00.000Z,ALAUTA1URN,undefined,undefined,undefined,0,5.6
Autauga County,1993-09-01T00:00:00.000Z,ALAUTA1URN,undefined,undefined,undefined,0,5.6
Autauga County,1993-10-01T00:00:00.000Z,ALAUTA1URN,undefined,undefined,undefined,0,5.6
Autauga County,1993-11-01T00:00:00.000Z,ALAUTA1URN,undefined,undefined,undefined,0,5.2
Autauga County,1993-12-01T00:00:00.000Z,ALAUTA1URN,undefined,undefined,undefined,0,4.8
Autauga County,1994-01-01T00:00:00.000Z,ALAUTA1URN,undefined,undefined,undefined,0,5
Autauga County,1994-02-01T00:00:00.000Z,ALAUTA1URN,undefined,undefined,undefined,0.06666666666666643,5.4
Autauga County,1994-03-01T00:00:00.000Z,ALAUTA1URN,undefined,undefined,undefined,0.23333333333333428,5.3
Autauga County,1994-04-01T00:00:00.000Z,ALAUTA1URN,undefined,undefined,undefined,0.06666666666666732,4.5
Autauga County,1994-05-01T00:00:00.000Z,ALAUTA1URN,undefined,undefined,undefined,0,4.1
Autauga County,1994-06-01T00:00:00.000Z,ALAUTA1URN,undefined,undefined,undefined,0.09999999999999964,5.6
Autauga County,1994-07-01T00:00:00.000Z,ALAUTA1URN,undefined,undefined,undefined,0.39999999999999947,5.4
Autauga County,1994-08-01T00:00:00.000Z,ALAUTA1URN,undefined,undefined,undefined,0.833333333333333,5.4
Autauga County,1994-09-01T00:00:00.000Z,ALAUTA1URN,undefined,undefined,undefined,0.666666666666667,5.1
Autauga County,1994-10-01T00:00:00.000Z,ALAUTA1URN,undefined,undefined,undefined,0.5666666666666664,5.1
Autauga County,1994-11-01T00:00:00.000Z,ALAUTA1URN,undefined,undefined,undefined,0.4333333333333327,5
Autauga County,1994-12-01T00:00:00.000Z,ALAUTA1URN,undefined,undefined,undefined,0.13333333333333286,4.2
Autauga County,1995-01-01T00:00:00.000Z,ALAUTA1URN,undefined,undefined,undefined,0.36666666666666625,5.8
Autauga County,1995-02-01T00:00:00.000Z,ALAUTA1URN,undefined,undefined,undefined,0.7666666666666657,6.2
Autauga County,1995-03-01T00:00:00.000Z,ALAUTA1URN,undefined,undefined,undefined,1.2333333333333316,5.6
Autauga County,1995-04-01T00:00:00.000Z,ALAUTA1URN,undefined,undefined,undefined,1.3333333333333313,6.1
Autauga County,1995-05-01T00:00:00.000Z,ALAUTA1URN,undefined,undefined,undefined,1.2999999999999972,6.1
Autauga County,1995-06-01T00:00:00.000Z,ALAUTA1URN,undefined,undefined,undefined,1.433333333333331,6.3
Autauga County,1995-07-01T00:00:00.000Z,ALAUTA1URN,undefined,undefined,undefined,1.6333333333333302,6.8
Autauga County,1995-08-01T00:00:00.000Z,ALAUTA1URN,undefined,undefined,undefined,1.43333333333333,5.5
Autauga County,1995-09-01T00:00:00.000Z,ALAUTA1URN,undefined,undefined,undefined,1.1666666666666634,5.5
Autauga County,1995-10-01T00:00:00.000Z,ALAUTA1URN,undefined,undefined,undefined,0.5333333333333297,4.9
Autauga County,1995-11-01T00:00:00.000Z,ALAUTA1URN,undefined,undefined,undefined,0.23333333333332984,4.6
Autauga County,1995-12-01T00:00:00.000Z,ALAUTA1URN,undefined,undefined,undefined,0,4.4
Autauga County,1996-01-01T00:00:00.000Z,ALAUTA1URN,undefined,undefined,undefined,0,4.5
Autauga County,1996-02-01T00:00:00.000Z,ALAUTA1URN,undefined,undefined,undefined,0.033333333333333215,4.7
Autauga County,1996-03-01T00:00:00.000Z,ALAUTA1URN,undefined,undefined,undefined,0,4.1
Autauga County,1996-04-01T00:00:00.000Z,ALAUTA1URN,undefined,undefined,undefined,0,3.9
Autauga County,1996-05-01T00:00:00.000Z,ALAUTA1URN,undefined,undefined,undefined,0,3.7
Autauga County,1996-06-01T00:00:00.000Z,ALAUTA1URN,undefined,undefined,undefined,0,3.9
Autauga County,1996-07-01T00:00:00.000Z,ALAUTA1URN,undefined,undefined,undefined,0,3.5
Autauga County,1996-08-01T00:00:00.000Z,ALAUTA1URN,undefined,undefined,undefined,0.033333333333333215,3.8
Autauga County,1996-09-01T00:00:00.000Z,ALAUTA1URN,undefined,undefined,undefined,0,3.8
Autauga County,1996-10-01T00:00:00.000Z,ALAUTA1URN,undefined,undefined,undefined,0.1333333333333333,3.9
Autauga County,1996-11-01T00:00:00.000Z,ALAUTA1URN,undefined,undefined,undefined,0.03333333333333366,3.5
Autauga County,1996-12-01T00:00:00.000Z,ALAUTA1URN,undefined,undefined,undefined,0,3.5
Autauga County,1997-01-01T00:00:00.000Z,ALAUTA1URN,undefined,undefined,undefined,0.06666666666666643,4.1
Autauga County,1997-02-01T00:00:00.000Z,ALAUTA1URN,undefined,undefined,undefined,0.3666666666666667,4.4
Autauga County,1997-03-01T00:00:00.000Z,ALAUTA1URN,undefined,undefined,undefined,0.5666666666666664,4.1
Autauga County,1997-04-01T00:00:00.000Z,ALAUTA1URN,undefined,undefined,undefined,0.4666666666666659,3.8
Autauga County,1997-05-01T00:00:00.000Z,ALAUTA1URN,undefined,undefined,undefined,0.2666666666666657,3.8
Autauga County,1997-06-01T00:00:00.000Z,ALAUTA1URN,undefined,undefined,undefined,0.4666666666666659,4.7
Autauga County,1997-07-01T00:00:00.000Z,ALAUTA1URN,undefined,undefined,undefined,0.5666666666666655,4.1
Autauga County,1997-08-01T00:00:00.000Z,ALAUTA1URN,undefined,undefined,undefined,0.7666666666666666,4.4
Autauga County,1997-09-01T00:00:00.000Z,ALAUTA1URN,undefined,undefined,undefined,0.5333333333333323,4
Autauga County,1997-10-01T00:00:00.000Z,ALAUTA1URN,undefined,undefined,undefined,0.3333333333333326,3.5
Autauga County,1997-11-01T00:00:00.000Z,ALAUTA1URN,undefined,undefined,undefined,0,2.9
Autauga County,1997-12-01T00:00:00.000Z,ALAUTA1URN,undefined,undefined,undefined,0,2.8
Autauga County,1998-01-01T00:00:00.000Z,ALAUTA1URN,undefined,undefined,undefined,0,3.2
Autauga County,1998-02-01T00:00:00.000Z,ALAUTA1URN,undefined,undefined,undefined,0.06666666666666643,3.1
Autauga County,1998-03-01T00:00:00.000Z,ALAUTA1URN,undefined,undefined,undefined,0.06666666666666643,2.8
Autauga County,1998-04-01T00:00:00.000Z,ALAUTA1URN,undefined,undefined,undefined,0,2.3
Autauga County,1998-05-01T00:00:00.000Z,ALAUTA1URN,undefined,undefined,undefined,0,2.5
Autauga County,1998-06-01T00:00:00.000Z,ALAUTA1URN,undefined,undefined,undefined,0.16666666666666652,3.3
Autauga County,1998-07-01T00:00:00.000Z,ALAUTA1URN,undefined,undefined,undefined,0.4666666666666668,3.2
Autauga County,1998-08-01T00:00:00.000Z,ALAUTA1URN,undefined,undefined,undefined,0.766666666666667,3.4
Autauga County,1998-09-01T00:00:00.000Z,ALAUTA1URN,undefined,undefined,undefined,0.9000000000000004,3.7
Autauga County,1998-10-01T00:00:00.000Z,ALAUTA1URN,undefined,undefined,undefined,1.0333333333333337,3.6
Autauga County,1998-11-01T00:00:00.000Z,ALAUTA1URN,undefined,undefined,undefined,1.0666666666666669,3.5
Autauga County,1998-12-01T00:00:00.000Z,ALAUTA1URN,undefined,undefined,undefined,1.1,3.8
Autauga County,1999-01-01T00:00:00.000Z,ALAUTA1URN,undefined,undefined,undefined,1.2333333333333338,4
Autauga County,1999-02-01T00:00:00.000Z,ALAUTA1URN,undefined,undefined,undefined,1.3000000000000007,3.7
Autauga County,1999-03-01T00:00:00.000Z,ALAUTA1URN,undefined,undefined,undefined,1.2000000000000006,3.5
Autauga County,1999-04-01T00:00:00.000Z,ALAUTA1URN,undefined,undefined,undefined,1.0333333333333337,3.5
Autauga County,1999-05-01T00:00:00.000Z,ALAUTA1URN,undefined,undefined,undefined,0.8666666666666671,3.2
Autauga County,1999-06-01T00:00:00.000Z,ALAUTA1URN,undefined,undefined,undefined,0.9000000000000004,4.1
Autauga County,1999-07-01T00:00:00.000Z,ALAUTA1URN,undefined,undefined,undefined,0.8333333333333339,4.2
Autauga County,1999-08-01T00:00:00.000Z,ALAUTA1URN,undefined,undefined,undefined,0.9666666666666672,4.5
Autauga County,1999-09-01T00:00:00.000Z,ALAUTA1URN,undefined,undefined,undefined,0.9000000000000012,4.2
Autauga County,1999-10-01T00:00:00.000Z,ALAUTA1URN,undefined,undefined,undefined,0.7666666666666684,3.8
Autauga County,1999-11-01T00:00:00.000Z,ALAUTA1URN,undefined,undefined,undefined,0.4333333333333349,3.5
Autauga County,1999-12-01T00:00:00.000Z,ALAUTA1URN,undefined,undefined,undefined,0.16666666666666785,3.4
Autauga County,2000-01-01T00:00:00.000Z,ALAUTA1URN,undefined,undefined,undefined,0.3666666666666685,4.4
Autauga County,2000-02-01T00:00:00.000Z,ALAUTA1URN,undefined,undefined,undefined,0.700000000000002,4.5
Autauga County,2000-03-01T00:00:00.000Z,ALAUTA1URN,undefined,undefined,undefined,0.9000000000000012,4
Autauga County,2000-04-01T00:00:00.000Z,ALAUTA1URN,undefined,undefined,undefined,0.5666666666666682,3.4
Autauga County,2000-05-01T00:00:00.000Z,ALAUTA1URN,undefined,undefined,undefined,0.30000000000000204,3.7
Autauga County,2000-06-01T00:00:00.000Z,ALAUTA1URN,undefined,undefined,undefined,0.23333333333333428,4.3
Autauga County,2000-07-01T00:00:00.000Z,ALAUTA1URN,undefined,undefined,undefined,0.4666666666666677,4.1
Autauga County,2000-08-01T00:00:00.000Z,ALAUTA1URN,undefined,undefined,undefined,1.2333333333333343,6
Autauga County,2000-09-01T00:00:00.000Z,ALAUTA1URN,undefined,undefined,undefined,1.1000000000000005,3.9
Autauga County,2000-10-01T00:00:00.000Z,ALAUTA1URN,undefined,undefined,undefined,0.9666666666666677,3.7
Autauga County,2000-11-01T00:00:00.000Z,ALAUTA1URN,undefined,undefined,undefined,0.20000000000000062,3.7
Autauga County,2000-12-01T00:00:00.000Z,ALAUTA1URN,undefined,undefined,undefined,0,3.3
Autauga County,2001-01-01T00:00:00.000Z,ALAUTA1URN,undefined,undefined,undefined,0.033333333333333215,3.8
Autauga County,2001-02-01T00:00:00.000Z,ALAUTA1URN,undefined,undefined,undefined,0.033333333333333215,3.7
Autauga County,2001-03-01T00:00:00.000Z,ALAUTA1URN,undefined,undefined,undefined,0.16666666666666652,3.7
Autauga County,2001-04-01T00:00:00.000Z,ALAUTA1URN,undefined,undefined,undefined,0,3.3
Autauga County,2001-05-01T00:00:00.000Z,ALAUTA1URN,undefined,undefined,undefined,0,3.1
Autauga County,2001-06-01T00:00:00.000Z,ALAUTA1URN,undefined,undefined,undefined,0.1333333333333333,4.1
Autauga County,2001-07-01T00:00:00.000Z,ALAUTA1URN,undefined,undefined,undefined,0.43333333333333357,4.2
Autauga County,2001-08-01T00:00:00.000Z,ALAUTA1URN,undefined,undefined,undefined,0.9666666666666663,4.7
Autauga County,2001-09-01T00:00:00.000Z,ALAUTA1URN,undefined,undefined,undefined,1.0666666666666669,4.4
Autauga County,2001-10-01T00:00:00.000Z,ALAUTA1URN,undefined,undefined,undefined,1.1333333333333342,4.4
Autauga County,2001-11-01T00:00:00.000Z,ALAUTA1URN,undefined,undefined,undefined,1.1666666666666674,4.8
Autauga County,2001-12-01T00:00:00.000Z,ALAUTA1URN,undefined,undefined,undefined,1.3000000000000003,4.8
Autauga County,2002-01-01T00:00:00.000Z,ALAUTA1URN,undefined,undefined,undefined,1.4999999999999996,5
Autauga County,2002-02-01T00:00:00.000Z,ALAUTA1URN,undefined,undefined,undefined,1.6,5.1
Autauga County,2002-03-01T00:00:00.000Z,ALAUTA1URN,undefined,undefined,undefined,1.5333333333333337,4.6
Autauga County,2002-04-01T00:00:00.000Z,ALAUTA1URN,undefined,undefined,undefined,1.2000000000000006,4
Autauga County,2002-05-01T00:00:00.000Z,ALAUTA1URN,undefined,undefined,undefined,0.8333333333333335,4
Autauga County,2002-06-01T00:00:00.000Z,ALAUTA1URN,undefined,undefined,undefined,0.8000000000000007,4.9
Autauga County,2002-07-01T00:00:00.000Z,ALAUTA1URN,undefined,undefined,undefined,0.7000000000000006,4.6
Autauga County,2002-08-01T00:00:00.000Z,ALAUTA1URN,undefined,undefined,undefined,0.7000000000000011,5.2
Autauga County,2002-09-01T00:00:00.000Z,ALAUTA1URN,undefined,undefined,undefined,0.666666666666667,4.8
Autauga County,2002-10-01T00:00:00.000Z,ALAUTA1URN,undefined,undefined,undefined,0.8000000000000007,5
Autauga County,2002-11-01T00:00:00.000Z,ALAUTA1URN,undefined,undefined,undefined,0.7999999999999998,5.2
Autauga County,2002-12-01T00:00:00.000Z,ALAUTA1URN,undefined,undefined,undefined,0.8666666666666663,5
Autauga County,2003-01-01T00:00:00.000Z,ALAUTA1URN,undefined,undefined,undefined,0.9666666666666668,5.3
Autauga County,2003-02-01T00:00:00.000Z,ALAUTA1URN,undefined,undefined,undefined,0.9333333333333336,5.1
Autauga County,2003-03-01T00:00:00.000Z,ALAUTA1URN,undefined,undefined,undefined,0.8333333333333339,4.7
Autauga County,2003-04-01T00:00:00.000Z,ALAUTA1URN,undefined,undefined,undefined,0.5,4.3
Autauga County,2003-05-01T00:00:00.000Z,ALAUTA1URN,undefined,undefined,undefined,0.3000000000000007,4.5
Autauga County,2003-06-01T00:00:00.000Z,ALAUTA1URN,undefined,undefined,undefined,0.4999999999999991,5.6
Autauga County,2003-07-01T00:00:00.000Z,ALAUTA1URN,undefined,undefined,undefined,0.5666666666666664,5.1
Autauga County,2003-08-01T00:00:00.000Z,ALAUTA1URN,undefined,undefined,undefined,0.8666666666666663,5.4
Autauga County,2003-09-01T00:00:00.000Z,ALAUTA1URN,undefined,undefined,undefined,0.6999999999999993,5.1
Autauga County,2003-10-01T00:00:00.000Z,ALAUTA1URN,undefined,undefined,undefined,0.6999999999999993,5.1
Autauga County,2003-11-01T00:00:00.000Z,ALAUTA1URN,undefined,undefined,undefined,0.5666666666666664,5
Autauga County,2003-12-01T00:00:00.000Z,ALAUTA1URN,undefined,undefined,undefined,0.39999999999999947,4.6
Autauga County,2004-01-01T00:00:00.000Z,ALAUTA1URN,undefined,undefined,undefined,0.39999999999999947,5.1
Autauga County,2004-02-01T00:00:00.000Z,ALAUTA1URN,undefined,undefined,undefined,0.39999999999999947,5
Autauga County,2004-03-01T00:00:00.000Z,ALAUTA1URN,undefined,undefined,undefined,0.5333333333333332,5
Autauga County,2004-04-01T00:00:00.000Z,ALAUTA1URN,undefined,undefined,undefined,0.2999999999999998,4.4
Autauga County,2004-05-01T00:00:00.000Z,ALAUTA1URN,undefined,undefined,undefined,0.06666666666666643,4.3
Autauga County,2004-06-01T00:00:00.000Z,ALAUTA1URN,undefined,undefined,undefined,0.06666666666666643,5.2
Autauga County,2004-07-01T00:00:00.000Z,ALAUTA1URN,undefined,undefined,undefined,0.2333333333333334,4.9
Autauga County,2004-08-01T00:00:00.000Z,ALAUTA1URN,undefined,undefined,undefined,0.4666666666666668,5
Autauga County,2004-09-01T00:00:00.000Z,ALAUTA1URN,undefined,undefined,undefined,0.2666666666666666,4.6
Autauga County,2004-10-01T00:00:00.000Z,ALAUTA1URN,undefined,undefined,undefined,0.13333333333333286,4.5
Autauga County,2004-11-01T00:00:00.000Z,ALAUTA1URN,undefined,undefined,undefined,0,4.4
Autauga County,2004-12-01T00:00:00.000Z,ALAUTA1URN,undefined,undefined,undefined,0,4.1
Autauga County,2005-01-01T00:00:00.000Z,ALAUTA1URN,undefined,undefined,undefined,0.033333333333333215,4.6
Autauga County,2005-02-01T00:00:00.000Z,ALAUTA1URN,undefined,undefined,undefined,0.13333333333333375,4.7
Autauga County,2005-03-01T00:00:00.000Z,ALAUTA1URN,undefined,undefined,undefined,0.10000000000000053,4
Autauga County,2005-04-01T00:00:00.000Z,ALAUTA1URN,undefined,undefined,undefined,0,3.5
Autauga County,2005-05-01T00:00:00.000Z,ALAUTA1URN,undefined,undefined,undefined,0,3.3
Autauga County,2005-06-01T00:00:00.000Z,ALAUTA1URN,undefined,undefined,undefined,0.033333333333333215,4.1
Autauga County,2005-07-01T00:00:00.000Z,ALAUTA1URN,undefined,undefined,undefined,0.09999999999999964,3.7
Autauga County,2005-08-01T00:00:00.000Z,ALAUTA1URN,undefined,undefined,undefined,0.26666666666666616,3.8
Autauga County,2005-09-01T00:00:00.000Z,ALAUTA1URN,undefined,undefined,undefined,0.033333333333333215,3.4
Autauga County,2005-10-01T00:00:00.000Z,ALAUTA1URN,undefined,undefined,undefined,0,3.5
Autauga County,2005-11-01T00:00:00.000Z,ALAUTA1URN,undefined,undefined,undefined,0,3.4
Autauga County,2005-12-01T00:00:00.000Z,ALAUTA1URN,undefined,undefined,undefined,0,3.4
Autauga County,2006-01-01T00:00:00.000Z,ALAUTA1URN,undefined,undefined,undefined,0.16666666666666696,4
Autauga County,2006-02-01T00:00:00.000Z,ALAUTA1URN,undefined,undefined,undefined,0.30000000000000027,3.8
Autauga County,2006-03-01T00:00:00.000Z,ALAUTA1URN,undefined,undefined,undefined,0.2666666666666666,3.3
Autauga County,2006-04-01T00:00:00.000Z,ALAUTA1URN,undefined,undefined,undefined,0,2.8
Autauga County,2006-05-01T00:00:00.000Z,ALAUTA1URN,undefined,undefined,undefined,0,2.7
Autauga County,2006-06-01T00:00:00.000Z,ALAUTA1URN,undefined,undefined,undefined,0.06666666666666732,3.5
Autauga County,2006-07-01T00:00:00.000Z,ALAUTA1URN,undefined,undefined,undefined,0.36666666666666714,3.7
Autauga County,2006-08-01T00:00:00.000Z,ALAUTA1URN,undefined,undefined,undefined,0.6333333333333337,3.5
Autauga County,2006-09-01T00:00:00.000Z,ALAUTA1URN,undefined,undefined,undefined,0.5,3.1
Autauga County,2006-10-01T00:00:00.000Z,ALAUTA1URN,undefined,undefined,undefined,0.30000000000000027,3.1
Autauga County,2006-11-01T00:00:00.000Z,ALAUTA1URN,undefined,undefined,undefined,0.16666666666666696,3.1
Autauga County,2006-12-01T00:00:00.000Z,ALAUTA1URN,undefined,undefined,undefined,0.13333333333333375,3
Autauga County,2007-01-01T00:00:00.000Z,ALAUTA1URN,undefined,undefined,undefined,0.30000000000000027,3.6
Autauga County,2007-02-01T00:00:00.000Z,ALAUTA1URN,undefined,undefined,undefined,0.43333333333333357,3.5
Autauga County,2007-03-01T00:00:00.000Z,ALAUTA1URN,undefined,undefined,undefined,0.4666666666666668,3.1
Autauga County,2007-04-01T00:00:00.000Z,ALAUTA1URN,undefined,undefined,undefined,0.1666666666666674,2.7
Autauga County,2007-05-01T00:00:00.000Z,ALAUTA1URN,undefined,undefined,undefined,0,2.7
Autauga County,2007-06-01T00:00:00.000Z,ALAUTA1URN,undefined,undefined,undefined,0.13333333333333375,3.5
Autauga County,2007-07-01T00:00:00.000Z,ALAUTA1URN,undefined,undefined,undefined,0.3666666666666667,3.4
Autauga County,2007-08-01T00:00:00.000Z,ALAUTA1URN,undefined,undefined,undefined,0.7000000000000002,3.7
Autauga County,2007-09-01T00:00:00.000Z,ALAUTA1URN,undefined,undefined,undefined,0.7000000000000002,3.5
Autauga County,2007-10-01T00:00:00.000Z,ALAUTA1URN,undefined,undefined,undefined,0.666666666666667,3.3
Autauga County,2007-11-01T00:00:00.000Z,ALAUTA1URN,undefined,undefined,undefined,0.6333333333333337,3.6
Autauga County,2007-12-01T00:00:00.000Z,ALAUTA1URN,undefined,undefined,undefined,0.766666666666667,3.9
Autauga County,2008-01-01T00:00:00.000Z,ALAUTA1URN,undefined,undefined,undefined,1.166666666666667,4.5
Autauga County,2008-02-01T00:00:00.000Z,ALAUTA1URN,undefined,undefined,undefined,1.4,4.3
Autauga County,2008-03-01T00:00:00.000Z,ALAUTA1URN,undefined,undefined,undefined,1.5666666666666669,4.4
Autauga County,2008-04-01T00:00:00.000Z,ALAUTA1URN,undefined,undefined,undefined,1.4,4
Autauga County,2008-05-01T00:00:00.000Z,ALAUTA1URN,undefined,undefined,undefined,1.5333333333333328,4.7
Autauga County,2008-06-01T00:00:00.000Z,ALAUTA1URN,undefined,undefined,undefined,1.7999999999999985,5.6
Autauga County,2008-07-01T00:00:00.000Z,ALAUTA1URN,undefined,undefined,undefined,2.0999999999999988,5.6
Autauga County,2008-08-01T00:00:00.000Z,ALAUTA1URN,undefined,undefined,undefined,2.2666666666666653,6
Autauga County,2008-09-01T00:00:00.000Z,ALAUTA1URN,undefined,undefined,undefined,2.366666666666665,5.9
Autauga County,2008-10-01T00:00:00.000Z,ALAUTA1URN,undefined,undefined,undefined,2.566666666666666,6.2
Autauga County,2008-11-01T00:00:00.000Z,ALAUTA1URN,undefined,undefined,undefined,2.6666666666666656,6.3
Autauga County,2008-12-01T00:00:00.000Z,ALAUTA1URN,undefined,undefined,undefined,2.833333333333332,6.8
Autauga County,2009-01-01T00:00:00.000Z,ALAUTA1URN,undefined,undefined,undefined,2.899999999999998,7.6
Autauga County,2009-02-01T00:00:00.000Z,ALAUTA1URN,undefined,undefined,undefined,3.299999999999998,8.2
Autauga County,2009-03-01T00:00:00.000Z,ALAUTA1URN,undefined,undefined,undefined,3.6999999999999984,8
Autauga County,2009-04-01T00:00:00.000Z,ALAUTA1URN,undefined,undefined,undefined,3.666666666666665,7.5
Autauga County,2009-05-01T00:00:00.000Z,ALAUTA1URN,undefined,undefined,undefined,3.3999999999999995,7.8
Autauga County,2009-06-01T00:00:00.000Z,ALAUTA1URN,undefined,undefined,undefined,3.200000000000001,8.6
Autauga County,2009-07-01T00:00:00.000Z,ALAUTA1URN,undefined,undefined,undefined,3.1000000000000005,8.8
Autauga County,2009-08-01T00:00:00.000Z,ALAUTA1URN,undefined,undefined,undefined,3.1000000000000005,9.1
Autauga County,2009-09-01T00:00:00.000Z,ALAUTA1URN,undefined,undefined,undefined,3.3000000000000016,9.5
Autauga County,2009-10-01T00:00:00.000Z,ALAUTA1URN,undefined,undefined,undefined,3.2333333333333334,9.2
Autauga County,2009-11-01T00:00:00.000Z,ALAUTA1URN,undefined,undefined,undefined,3.2,9.3
Autauga County,2009-12-01T00:00:00.000Z,ALAUTA1URN,undefined,undefined,undefined,2.9000000000000004,9.5
Autauga County,2010-01-01T00:00:00.000Z,ALAUTA1URN,undefined,undefined,undefined,2.7,10
Autauga County,2010-02-01T00:00:00.000Z,ALAUTA1URN,undefined,undefined,undefined,2.1000000000000023,9.4
Autauga County,2010-03-01T00:00:00.000Z,ALAUTA1URN,undefined,undefined,undefined,1.7000000000000002,9
Autauga County,2010-04-01T00:00:00.000Z,ALAUTA1URN,undefined,undefined,undefined,1.1333333333333337,8.3
Autauga County,2010-05-01T00:00:00.000Z,ALAUTA1URN,undefined,undefined,undefined,0.7000000000000002,8.1
Autauga County,2010-06-01T00:00:00.000Z,ALAUTA1URN,undefined,undefined,undefined,0.33333333333333304,8.5
Autauga County,2010-07-01T00:00:00.000Z,ALAUTA1URN,undefined,undefined,undefined,0.09999999999999964,8.6
Autauga County,2010-08-01T00:00:00.000Z,ALAUTA1URN,undefined,undefined,undefined,0.36666666666666536,8.9
Autauga County,2010-09-01T00:00:00.000Z,ALAUTA1URN,undefined,undefined,undefined,0.466666666666665,8.8
Autauga County,2010-10-01T00:00:00.000Z,ALAUTA1URN,undefined,undefined,undefined,0.4666666666666668,8.6
Autauga County,2010-11-01T00:00:00.000Z,ALAUTA1URN,undefined,undefined,undefined,0.40000000000000036,8.7
Autauga County,2010-12-01T00:00:00.000Z,ALAUTA1URN,undefined,undefined,undefined,0.36666666666666536,8.7
Autauga County,2011-01-01T00:00:00.000Z,ALAUTA1URN,undefined,undefined,undefined,0.5,9
Autauga County,2011-02-01T00:00:00.000Z,ALAUTA1URN,undefined,undefined,undefined,0.5999999999999996,9
Autauga County,2011-03-01T00:00:00.000Z,ALAUTA1URN,undefined,undefined,undefined,0.5666666666666682,8.6
Autauga County,2011-04-01T00:00:00.000Z,ALAUTA1URN,undefined,undefined,undefined,0.2666666666666675,8.1
Autauga County,2011-05-01T00:00:00.000Z,ALAUTA1URN,undefined,undefined,undefined,0,8.1
Autauga County,2011-06-01T00:00:00.000Z,ALAUTA1URN,undefined,undefined,undefined,0.16666666666666607,9.1
Autauga County,2011-07-01T00:00:00.000Z,ALAUTA1URN,undefined,undefined,undefined,0.29999999999999893,8.5
Autauga County,2011-08-01T00:00:00.000Z,ALAUTA1URN,undefined,undefined,undefined,0.4333333333333318,8.5
Autauga County,2011-09-01T00:00:00.000Z,ALAUTA1URN,undefined,undefined,undefined,0.16666666666666607,8.3
Autauga County,2011-10-01T00:00:00.000Z,ALAUTA1URN,undefined,undefined,undefined,0,7.9
Autauga County,2011-11-01T00:00:00.000Z,ALAUTA1URN,undefined,undefined,undefined,0,7.4
Autauga County,2011-12-01T00:00:00.000Z,ALAUTA1URN,undefined,undefined,undefined,0,7.4
Autauga County,2012-01-01T00:00:00.000Z,ALAUTA1URN,undefined,undefined,undefined,0,7.9
Autauga County,2012-02-01T00:00:00.000Z,ALAUTA1URN,undefined,undefined,undefined,0.09999999999999964,7.7
Autauga County,2012-03-01T00:00:00.000Z,ALAUTA1URN,undefined,undefined,undefined,0.06666666666666643,7.3
Autauga County,2012-04-01T00:00:00.000Z,ALAUTA1URN,undefined,undefined,undefined,0,6.7
Autauga County,2012-05-01T00:00:00.000Z,ALAUTA1URN,undefined,undefined,undefined,0,6.8
Autauga County,2012-06-01T00:00:00.000Z,ALAUTA1URN,undefined,undefined,undefined,0.13333333333333286,7.7
Autauga County,2012-07-01T00:00:00.000Z,ALAUTA1URN,undefined,undefined,undefined,0.36666666666666714,7.4
Autauga County,2012-08-01T00:00:00.000Z,ALAUTA1URN,undefined,undefined,undefined,0.5999999999999996,7.5
Autauga County,2012-09-01T00:00:00.000Z,ALAUTA1URN,undefined,undefined,undefined,0.3000000000000007,6.8
Autauga County,2012-10-01T00:00:00.000Z,ALAUTA1URN,undefined,undefined,undefined,0.06666666666666732,6.7
Autauga County,2012-11-01T00:00:00.000Z,ALAUTA1URN,undefined,undefined,undefined,0,6.4
Autauga County,2012-12-01T00:00:00.000Z,ALAUTA1URN,undefined,undefined,undefined,0,6.5
Autauga County,2013-01-01T00:00:00.000Z,ALAUTA1URN,undefined,undefined,undefined,0.16666666666666696,7.2
Autauga County,2013-02-01T00:00:00.000Z,ALAUTA1URN,undefined,undefined,undefined,0.3333333333333339,6.9
Autauga County,2013-03-01T00:00:00.000Z,ALAUTA1URN,undefined,undefined,undefined,0.2666666666666675,6.3
Autauga County,2013-04-01T00:00:00.000Z,ALAUTA1URN,undefined,undefined,undefined,0,5.7
Autauga County,2013-05-01T00:00:00.000Z,ALAUTA1URN,undefined,undefined,undefined,0,5.8
Autauga County,2013-06-01T00:00:00.000Z,ALAUTA1URN,undefined,undefined,undefined,0.13333333333333286,6.7
Autauga County,2013-07-01T00:00:00.000Z,ALAUTA1URN,undefined,undefined,undefined,0.36666666666666714,6.4
Autauga County,2013-08-01T00:00:00.000Z,ALAUTA1URN,undefined,undefined,undefined,0.5999999999999996,6.5
Autauga County,2013-09-01T00:00:00.000Z,ALAUTA1URN,undefined,undefined,undefined,0.4666666666666668,6.3
Autauga County,2013-10-01T00:00:00.000Z,ALAUTA1URN,undefined,undefined,undefined,0.4666666666666668,6.4
Autauga County,2013-11-01T00:00:00.000Z,ALAUTA1URN,undefined,undefined,undefined,0.2666666666666675,5.9
Autauga County,2013-12-01T00:00:00.000Z,ALAUTA1URN,undefined,undefined,undefined,0.16666666666666785,6
Autauga County,2014-01-01T00:00:00.000Z,ALAUTA1URN,undefined,undefined,undefined,0.16666666666666785,6.4
Autauga County,2014-02-01T00:00:00.000Z,ALAUTA1URN,undefined,undefined,undefined,0.36666666666666714,6.5
Autauga County,2014-03-01T00:00:00.000Z,ALAUTA1URN,undefined,undefined,undefined,0.4666666666666668,6.3
Autauga County,2014-04-01T00:00:00.000Z,ALAUTA1URN,undefined,undefined,undefined,0.16666666666666607,5.5
Autauga County,2014-05-01T00:00:00.000Z,ALAUTA1URN,undefined,undefined,undefined,0,5.5
Autauga County,2014-06-01T00:00:00.000Z,ALAUTA1URN,undefined,undefined,undefined,0,6
Autauga County,2014-07-01T00:00:00.000Z,ALAUTA1URN,undefined,undefined,undefined,0.2666666666666675,6.3
Autauga County,2014-08-01T00:00:00.000Z,ALAUTA1URN,undefined,undefined,undefined,0.4666666666666677,6.1
Autauga County,2014-09-01T00:00:00.000Z,ALAUTA1URN,undefined,undefined,undefined,0.3333333333333348,5.6
Autauga County,2014-10-01T00:00:00.000Z,ALAUTA1URN,undefined,undefined,undefined,0.03333333333333499,5.4
Autauga County,2014-11-01T00:00:00.000Z,ALAUTA1URN,undefined,undefined,undefined,0,5.2
Autauga County,2014-12-01T00:00:00.000Z,ALAUTA1URN,undefined,undefined,undefined,0,4.9
Autauga County,2015-01-01T00:00:00.000Z,ALAUTA1URN,undefined,undefined,undefined,0.10000000000000053,5.7
Autauga County,2015-02-01T00:00:00.000Z,ALAUTA1URN,undefined,undefined,undefined,0.16666666666666785,5.4
Autauga County,2015-03-01T00:00:00.000Z,ALAUTA1URN,undefined,undefined,undefined,0.23333333333333428,5.1
Autauga County,2015-04-01T00:00:00.000Z,ALAUTA1URN,undefined,undefined,undefined,0,4.7
Autauga County,2015-05-01T00:00:00.000Z,ALAUTA1URN,undefined,undefined,undefined,0,5.1
Autauga County,2015-06-01T00:00:00.000Z,ALAUTA1URN,undefined,undefined,undefined,0.13333333333333375,5.5
Autauga County,2015-07-01T00:00:00.000Z,ALAUTA1URN,undefined,undefined,undefined,0.4666666666666659,5.7
Autauga County,2015-08-01T00:00:00.000Z,ALAUTA1URN,undefined,undefined,undefined,0.5666666666666664,5.4
Autauga County,2015-09-01T00:00:00.000Z,ALAUTA1URN,undefined,undefined,undefined,0.4333333333333327,5.1
Autauga County,2015-10-01T00:00:00.000Z,ALAUTA1URN,undefined,undefined,undefined,0.1999999999999993,5
Autauga County,2015-11-01T00:00:00.000Z,ALAUTA1URN,undefined,undefined,undefined,0.06666666666666554,5
Autauga County,2015-12-01T00:00:00.000Z,ALAUTA1URN,undefined,undefined,undefined,0,4.9
Autauga County,2016-01-01T00:00:00.000Z,ALAUTA1URN,undefined,undefined,undefined,0.13333333333333375,5.4
Autauga County,2016-02-01T00:00:00.000Z,ALAUTA1URN,undefined,undefined,undefined,0.2666666666666675,5.4
Autauga County,2016-03-01T00:00:00.000Z,ALAUTA1URN,undefined,undefined,undefined,0.36666666666666714,5.2
Autauga County,2016-04-01T00:00:00.000Z,ALAUTA1URN,undefined,undefined,undefined,0.13333333333333375,4.7
Autauga County,2016-05-01T00:00:00.000Z,ALAUTA1URN,undefined,undefined,undefined,0,4.6
Autauga County,2016-06-01T00:00:00.000Z,ALAUTA1URN,undefined,undefined,undefined,0.06666666666666643,5.4
Autauga County,2016-07-01T00:00:00.000Z,ALAUTA1URN,undefined,undefined,undefined,0.2666666666666666,5.3
Autauga County,2016-08-01T00:00:00.000Z,ALAUTA1URN,undefined,undefined,undefined,0.5,5.3
Autauga County,2016-09-01T00:00:00.000Z,ALAUTA1URN,undefined,undefined,undefined,0.43333333333333357,5.2
Autauga County,2016-10-01T00:00:00.000Z,ALAUTA1URN,undefined,undefined,undefined,0.39999999999999947,5.2
Autauga County,2016-11-01T00:00:00.000Z,ALAUTA1URN,undefined,undefined,undefined,0.1999999999999993,4.7
Autauga County,2016-12-01T00:00:00.000Z,ALAUTA1URN,undefined,undefined,undefined,0,4.6
Autauga County,2017-01-01T00:00:00.000Z,ALAUTA1URN,undefined,undefined,undefined,0,5.1
Autauga County,2017-02-01T00:00:00.000Z,ALAUTA1URN,undefined,undefined,undefined,0.06666666666666643,4.9
Autauga County,2017-03-01T00:00:00.000Z,ALAUTA1URN,undefined,undefined,undefined,0,4.3
Autauga County,2017-04-01T00:00:00.000Z,ALAUTA1URN,undefined,undefined,undefined,0,3.7
Autauga County,2017-05-01T00:00:00.000Z,ALAUTA1URN,undefined,undefined,undefined,0,3.6
Autauga County,2017-06-01T00:00:00.000Z,ALAUTA1URN,undefined,undefined,undefined,0,4.3
Autauga County,2017-07-01T00:00:00.000Z,ALAUTA1URN,undefined,undefined,undefined,0.16666666666666696,4.2
Autauga County,2017-08-01T00:00:00.000Z,ALAUTA1URN,undefined,undefined,undefined,0.33333333333333304,4.1
Autauga County,2017-09-01T00:00:00.000Z,ALAUTA1URN,undefined,undefined,undefined,0.06666666666666643,3.5
Autauga County,2017-10-01T00:00:00.000Z,ALAUTA1URN,undefined,undefined,undefined,0,3.5
Autauga County,2017-11-01T00:00:00.000Z,ALAUTA1URN,undefined,undefined,undefined,0,3.4
Autauga County,2017-12-01T00:00:00.000Z,ALAUTA1URN,undefined,undefined,undefined,0,3.4
Autauga County,2018-01-01T00:00:00.000Z,ALAUTA1URN,undefined,undefined,undefined,0.16666666666666696,4
Autauga County,2018-02-01T00:00:00.000Z,ALAUTA1URN,undefined,undefined,undefined,0.3666666666666667,4
Autauga County,2018-03-01T00:00:00.000Z,ALAUTA1URN,undefined,undefined,undefined,0.4666666666666668,3.7
Autauga County,2018-04-01T00:00:00.000Z,ALAUTA1URN,undefined,undefined,undefined,0.23333333333333384,3.3
Autauga County,2018-05-01T00:00:00.000Z,ALAUTA1URN,undefined,undefined,undefined,0,3.2
Autauga County,2018-06-01T00:00:00.000Z,ALAUTA1URN,undefined,undefined,undefined,0.13333333333333286,4.1
Autauga County,2018-07-01T00:00:00.000Z,ALAUTA1URN,undefined,undefined,undefined,0.2999999999999998,3.8
Autauga County,2018-08-01T00:00:00.000Z,ALAUTA1URN,undefined,undefined,undefined,0.5333333333333328,3.9
Autauga County,2018-09-01T00:00:00.000Z,ALAUTA1URN,undefined,undefined,undefined,0.33333333333333304,3.5
Autauga County,2018-10-01T00:00:00.000Z,ALAUTA1URN,undefined,undefined,undefined,0.2333333333333334,3.5
Autauga County,2018-11-01T00:00:00.000Z,ALAUTA1URN,undefined,undefined,undefined,0.03333333333333277,3.3
Autauga County,2018-12-01T00:00:00.000Z,ALAUTA1URN,undefined,undefined,undefined,0,3.4
Autauga County,2019-01-01T00:00:00.000Z,ALAUTA1URN,undefined,undefined,undefined,0.1333333333333333,3.9
Autauga County,2019-02-01T00:00:00.000Z,ALAUTA1URN,undefined,undefined,undefined,0.16666666666666652,3.4
Autauga County,2019-03-01T00:00:00.000Z,ALAUTA1URN,undefined,undefined,undefined,0.09999999999999964,3.2
Autauga County,2019-04-01T00:00:00.000Z,ALAUTA1URN,undefined,undefined,undefined,0,2.5
Autauga County,2019-05-01T00:00:00.000Z,ALAUTA1URN,undefined,undefined,undefined,0,2.5
Autauga County,2019-06-01T00:00:00.000Z,ALAUTA1URN,undefined,undefined,undefined,0,3.1
Autauga County,2019-07-01T00:00:00.000Z,ALAUTA1URN,undefined,undefined,undefined,0.16666666666666696,3
Autauga County,2019-08-01T00:00:00.000Z,ALAUTA1URN,undefined,undefined,undefined,0.3333333333333335,3
Autauga County,2019-09-01T00:00:00.000Z,ALAUTA1URN,undefined,undefined,undefined,0.16666666666666696,2.6
Autauga County,2019-10-01T00:00:00.000Z,ALAUTA1URN,undefined,undefined,undefined,0.033333333333333215,2.6
Autauga County,2019-11-01T00:00:00.000Z,ALAUTA1URN,undefined,undefined,undefined,0,2.6
Autauga County,2019-12-01T00:00:00.000Z,ALAUTA1URN,undefined,undefined,undefined,0,2.6
Autauga County,2020-01-01T00:00:00.000Z,ALAUTA1URN,undefined,undefined,undefined,0.23333333333333384,3.3
Autauga County,2020-02-01T00:00:00.000Z,ALAUTA1URN,undefined,undefined,undefined,0.433333333333334,3.2
Autauga County,2020-03-01T00:00:00.000Z,ALAUTA1URN,undefined,undefined,undefined,0.7000000000000011,3.4
Autauga County,2020-04-01T00:00:00.000Z,ALAUTA1URN,undefined,undefined,undefined,3.3000000000000016,11.1
Autauga County,2020-05-01T00:00:00.000Z,ALAUTA1URN,undefined,undefined,undefined,5.066666666666668,8.5
Autauga County,2020-06-01T00:00:00.000Z,ALAUTA1URN,undefined,undefined,undefined,6.333333333333336,7.2
Autauga County,2020-07-01T00:00:00.000Z,ALAUTA1URN,undefined,undefined,undefined,4.733333333333335,6.3
Autauga County,2020-08-01T00:00:00.000Z,ALAUTA1URN,undefined,undefined,undefined,3.566666666666668,5
Autauga County,2020-09-01T00:00:00.000Z,ALAUTA1URN,undefined,undefined,undefined,2.733333333333335,4.7
Autauga County,2020-10-01T00:00:00.000Z,ALAUTA1URN,undefined,undefined,undefined,1.9000000000000012,3.8
Autauga County,2020-11-01T00:00:00.000Z,ALAUTA1URN,undefined,undefined,undefined,1.4666666666666677,3.7
Autauga County,2020-12-01T00:00:00.000Z,ALAUTA1URN,undefined,undefined,undefined,1.0666666666666682,3.5
Autauga County,2021-01-01T00:00:00.000Z,ALAUTA1URN,undefined,undefined,undefined,0.8000000000000012,3.7
Autauga County,2021-02-01T00:00:00.000Z,ALAUTA1URN,undefined,undefined,undefined,0.5000000000000009,3.4
Autauga County,2021-03-01T00:00:00.000Z,ALAUTA1URN,undefined,undefined,undefined,0.06666666666666687,3
Autauga County,2021-04-01T00:00:00.000Z,ALAUTA1URN,undefined,undefined,undefined,0,2.6
Autauga County,2021-05-01T00:00:00.000Z,ALAUTA1URN,undefined,undefined,undefined,0,2.5
Autauga County,2021-06-01T00:00:00.000Z,ALAUTA1URN,undefined,undefined,undefined,0.09999999999999964,3.3
Autauga County,2021-07-01T00:00:00.000Z,ALAUTA1URN,undefined,undefined,undefined,0.23333333333333295,3
Autauga County,2021-08-01T00:00:00.000Z,ALAUTA1URN,undefined,undefined,undefined,0.3666666666666667,2.9
Autauga County,2021-09-01T00:00:00.000Z,ALAUTA1URN,undefined,undefined,undefined,0.06666666666666643,2.4
Autauga County,2021-10-01T00:00:00.000Z,ALAUTA1URN,undefined,undefined,undefined,0,2.2
Autauga County,2021-11-01T00:00:00.000Z,ALAUTA1URN,undefined,undefined,undefined,0,2
Autauga County,2021-12-01T00:00:00.000Z,ALAUTA1URN,undefined,undefined,undefined,0,2
Autauga County,2022-01-01T00:00:00.000Z,ALAUTA1URN,undefined,undefined,undefined,0.1333333333333333,2.6
Autauga County,2022-02-01T00:00:00.000Z,ALAUTA1URN,undefined,undefined,undefined,0.2666666666666666,2.4
Autauga County,2022-03-01T00:00:00.000Z,ALAUTA1URN,undefined,undefined,undefined,0.2999999999999998,2.1
Autauga County,2022-04-01T00:00:00.000Z,ALAUTA1URN,undefined,undefined,undefined,0,1.7
Autauga County,2022-05-01T00:00:00.000Z,ALAUTA1URN,undefined,undefined,undefined,0,1.9
Autauga County,2022-06-01T00:00:00.000Z,ALAUTA1URN,undefined,undefined,undefined,0.20000000000000018,2.7
Autauga County,2022-07-01T00:00:00.000Z,ALAUTA1URN,undefined,undefined,undefined,0.4666666666666668,2.5
Autauga County,2022-08-01T00:00:00.000Z,ALAUTA1URN,undefined,undefined,undefined,0.666666666666667,2.5
Autauga County,2022-09-01T00:00:00.000Z,ALAUTA1URN,undefined,undefined,undefined,0.46666666666666723,2.1
Autauga County,2022-10-01T00:00:00.000Z,ALAUTA1URN,undefined,undefined,undefined,0.3333333333333335,2.1
Autauga County,2022-11-01T00:00:00.000Z,ALAUTA1URN,undefined,undefined,undefined,0.13333333333333375,1.9
Autauga County,2022-12-01T00:00:00.000Z,ALAUTA1URN,undefined,undefined,undefined,0.03333333333333388,1.8
Autauga County,2023-01-01T00:00:00.000Z,ALAUTA1URN,undefined,undefined,undefined,0.10000000000000053,2.3
Autauga County,2023-02-01T00:00:00.000Z,ALAUTA1URN,undefined,undefined,undefined,0.20000000000000062,2.2
Autauga County,2023-03-01T00:00:00.000Z,ALAUTA1URN,undefined,undefined,undefined,0.23333333333333384,1.9
Autauga County,2023-04-01T00:00:00.000Z,ALAUTA1URN,undefined,undefined,undefined,8.881784197001252e-16,1.6
Autauga County,2023-05-01T00:00:00.000Z,ALAUTA1URN,undefined,undefined,undefined,0,1.8
Autauga County,2023-06-01T00:00:00.000Z,ALAUTA1URN,undefined,undefined,undefined,0.16666666666666674,2.4
Autauga County,2023-07-01T00:00:00.000Z,ALAUTA1URN,undefined,undefined,undefined,0.40000000000000013,2.3
Autauga County,2023-08-01T00:00:00.000Z,ALAUTA1URN,undefined,undefined,undefined,0.6000000000000003,2.4
Autauga County,2023-09-01T00:00:00.000Z,ALAUTA1URN,undefined,undefined,undefined,0.5666666666666667,2.3
Autauga County,2023-10-01T00:00:00.000Z,ALAUTA1URN,undefined,undefined,undefined,0.5333333333333334,2.2
Autauga County,2023-11-01T00:00:00.000Z,ALAUTA1URN,undefined,undefined,undefined,0.4333333333333338,2.1
Autauga County,2023-12-01T00:00:00.000Z,ALAUTA1URN,undefined,undefined,undefined,0.36666666666666736,2.1
Autauga County,2024-01-01T00:00:00.000Z,ALAUTA1URN,undefined,undefined,undefined,0.5000000000000007,2.6
Autauga County,2024-02-01T00:00:00.000Z,ALAUTA1URN,undefined,undefined,undefined,0.7000000000000008,2.7
Autauga County,2024-03-01T00:00:00.000Z,ALAUTA1URN,undefined,undefined,undefined,0.8000000000000009,2.4
Autauga County,2024-04-01T00:00:00.000Z,ALAUTA1URN,undefined,undefined,undefined,0.6000000000000008,2
Autauga County,2024-05-01T00:00:00.000Z,ALAUTA1URN,undefined,undefined,undefined,0.400000000000001,2.1
Autauga County,2024-06-01T00:00:00.000Z,ALAUTA1URN,undefined,undefined,undefined,0.4000000000000008,2.9
Autauga County,2024-07-01T00:00:00.000Z,ALAUTA1URN,undefined,undefined,undefined,0.5333333333333337,3
Autauga County,2024-08-01T00:00:00.000Z,ALAUTA1URN,undefined,undefined,undefined,0.8666666666666671,3.1
Autauga County,2024-09-01T00:00:00.000Z,ALAUTA1URN,undefined,undefined,undefined,0.8333333333333339,2.8
Autauga County,2024-10-01T00:00:00.000Z,ALAUTA1URN,undefined,undefined,undefined,0.7666666666666675,2.8
Autauga County,2024-11-01T00:00:00.000Z,ALAUTA1URN,undefined,undefined,undefined,0.7000000000000011,2.9
Autauga County,2024-12-01T00:00:00.000Z,ALAUTA1URN,undefined,undefined,undefined,0.7000000000000011,2.8
Autauga County,2025-01-01T00:00:00.000Z,ALAUTA1URN,undefined,undefined,undefined,0.7333333333333338,3
Autauga County,2025-02-01T00:00:00.000Z,ALAUTA1URN,undefined,undefined,undefined,0.766666666666667,3
Autauga County,2025-03-01T00:00:00.000Z,ALAUTA1URN,undefined,undefined,undefined,0.8000000000000003,2.9
Autauga County,2025-04-01T00:00:00.000Z,ALAUTA1URN,undefined,undefined,undefined,0.5666666666666669,2.3
Autauga County,2025-05-01T00:00:00.000Z,ALAUTA1URN,undefined,undefined,undefined,0.36666666666666714,2.4
Autauga County,2025-06-01T00:00:00.000Z,ALAUTA1URN,undefined,undefined,undefined,0.10000000000000053,2.6
Autauga County,2025-07-01T00:00:00.000Z,ALAUTA1URN,undefined,undefined,undefined,0.033333333333333215,2.4
Autauga County,2025-08-01T00:00:00.000Z,ALAUTA1URN,undefined,undefined,undefined,0,2.2